section,category_id,variant,graphic,file
category-products-panel,andrzejki,1,1,previews/andrzejki/wariant-1/grafika-1.svg
category-products-panel,andrzejki,1,2,previews/andrzejki/wariant-1/grafika-2.svg
category-products-panel,andrzejki,1,3,previews/andrzejki/wariant-1/grafika-3.svg
category-products-panel,andrzejki,1,4,previews/andrzejki/wariant-1/grafika-4.svg
category-products-panel,andrzejki,1,5,previews/andrzejki/wariant-1/grafika-5.svg
category-products-panel,andrzejki,1,6,previews/andrzejki/wariant-1/grafika-6.svg
category-products-panel,andrzejki,2,1,previews/andrzejki/wariant-2/grafika-1.svg
category-products-panel,andrzejki,2,2,previews/andrzejki/wariant-2/grafika-2.svg
category-products-panel,andrzejki,2,3,previews/andrzejki/wariant-2/grafika-3.svg
category-products-panel,andrzejki,2,4,previews/andrzejki/wariant-2/grafika-4.svg
category-products-panel,andrzejki,2,5,previews/andrzejki/wariant-2/grafika-5.svg
category-products-panel,andrzejki,2,6,previews/andrzejki/wariant-2/grafika-6.svg
category-products-panel,andrzejki,3,1,previews/andrzejki/wariant-3/grafika-1.svg
category-products-panel,andrzejki,3,2,previews/andrzejki/wariant-3/grafika-2.svg
category-products-panel,andrzejki,3,3,previews/andrzejki/wariant-3/grafika-3.svg
category-products-panel,andrzejki,3,4,previews/andrzejki/wariant-3/grafika-4.svg
category-products-panel,andrzejki,3,5,previews/andrzejki/wariant-3/grafika-5.svg
category-products-panel,andrzejki,3,6,previews/andrzejki/wariant-3/grafika-6.svg
category-products-panel,boze-narodzenie,1,1,previews/boze-narodzenie/wariant-1/grafika-1.svg
category-products-panel,boze-narodzenie,1,2,previews/boze-narodzenie/wariant-1/grafika-2.svg
category-products-panel,boze-narodzenie,1,3,previews/boze-narodzenie/wariant-1/grafika-3.svg
category-products-panel,boze-narodzenie,1,4,previews/boze-narodzenie/wariant-1/grafika-4.svg
category-products-panel,boze-narodzenie,1,5,previews/boze-narodzenie/wariant-1/grafika-5.svg
category-products-panel,boze-narodzenie,1,6,previews/boze-narodzenie/wariant-1/grafika-6.svg
category-products-panel,boze-narodzenie,2,1,previews/boze-narodzenie/wariant-2/grafika-1.svg
category-products-panel,boze-narodzenie,2,2,previews/boze-narodzenie/wariant-2/grafika-2.svg
category-products-panel,boze-narodzenie,2,3,previews/boze-narodzenie/wariant-2/grafika-3.svg
category-products-panel,boze-narodzenie,2,4,previews/boze-narodzenie/wariant-2/grafika-4.svg
category-products-panel,boze-narodzenie,2,5,previews/boze-narodzenie/wariant-2/grafika-5.svg
category-products-panel,boze-narodzenie,2,6,previews/boze-narodzenie/wariant-2/grafika-6.svg
category-products-panel,boze-narodzenie,3,1,previews/boze-narodzenie/wariant-3/grafika-1.svg
category-products-panel,boze-narodzenie,3,2,previews/boze-narodzenie/wariant-3/grafika-2.svg
category-products-panel,boze-narodzenie,3,3,previews/boze-narodzenie/wariant-3/grafika-3.svg
category-products-panel,boze-narodzenie,3,4,previews/boze-narodzenie/wariant-3/grafika-4.svg
category-products-panel,boze-narodzenie,3,5,previews/boze-narodzenie/wariant-3/grafika-5.svg
category-products-panel,boze-narodzenie,3,6,previews/boze-narodzenie/wariant-3/grafika-6.svg
category-products-panel,dzien-babci-dziadka,1,1,previews/dzien-babci-dziadka/wariant-1/grafika-1.svg
category-products-panel,dzien-babci-dziadka,1,2,previews/dzien-babci-dziadka/wariant-1/grafika-2.svg
category-products-panel,dzien-babci-dziadka,1,3,previews/dzien-babci-dziadka/wariant-1/grafika-3.svg
category-products-panel,dzien-babci-dziadka,1,4,previews/dzien-babci-dziadka/wariant-1/grafika-4.svg
category-products-panel,dzien-babci-dziadka,1,5,previews/dzien-babci-dziadka/wariant-1/grafika-5.svg
category-products-panel,dzien-babci-dziadka,1,6,previews/dzien-babci-dziadka/wariant-1/grafika-6.svg
category-products-panel,dzien-babci-dziadka,2,1,previews/dzien-babci-dziadka/wariant-2/grafika-1.svg
category-products-panel,dzien-babci-dziadka,2,2,previews/dzien-babci-dziadka/wariant-2/grafika-2.svg
category-products-panel,dzien-babci-dziadka,2,3,previews/dzien-babci-dziadka/wariant-2/grafika-3.svg
category-products-panel,dzien-babci-dziadka,2,4,previews/dzien-babci-dziadka/wariant-2/grafika-4.svg
category-products-panel,dzien-babci-dziadka,2,5,previews/dzien-babci-dziadka/wariant-2/grafika-5.svg
category-products-panel,dzien-babci-dziadka,2,6,previews/dzien-babci-dziadka/wariant-2/grafika-6.svg
category-products-panel,dzien-babci-dziadka,3,1,previews/dzien-babci-dziadka/wariant-3/grafika-1.svg
category-products-panel,dzien-babci-dziadka,3,2,previews/dzien-babci-dziadka/wariant-3/grafika-2.svg
category-products-panel,dzien-babci-dziadka,3,3,previews/dzien-babci-dziadka/wariant-3/grafika-3.svg
category-products-panel,dzien-babci-dziadka,3,4,previews/dzien-babci-dziadka/wariant-3/grafika-4.svg
category-products-panel,dzien-babci-dziadka,3,5,previews/dzien-babci-dziadka/wariant-3/grafika-5.svg
category-products-panel,dzien-babci-dziadka,3,6,previews/dzien-babci-dziadka/wariant-3/grafika-6.svg
category-products-panel,dzien-dziecka,1,1,previews/dzien-dziecka/wariant-1/grafika-1.svg
category-products-panel,dzien-dziecka,1,2,previews/dzien-dziecka/wariant-1/grafika-2.svg
category-products-panel,dzien-dziecka,1,3,previews/dzien-dziecka/wariant-1/grafika-3.svg
category-products-panel,dzien-dziecka,1,4,previews/dzien-dziecka/wariant-1/grafika-4.svg
category-products-panel,dzien-dziecka,1,5,previews/dzien-dziecka/wariant-1/grafika-5.svg
category-products-panel,dzien-dziecka,1,6,previews/dzien-dziecka/wariant-1/grafika-6.svg
category-products-panel,dzien-dziecka,2,1,previews/dzien-dziecka/wariant-2/grafika-1.svg
category-products-panel,dzien-dziecka,2,2,previews/dzien-dziecka/wariant-2/grafika-2.svg
category-products-panel,dzien-dziecka,2,3,previews/dzien-dziecka/wariant-2/grafika-3.svg
category-products-panel,dzien-dziecka,2,4,previews/dzien-dziecka/wariant-2/grafika-4.svg
category-products-panel,dzien-dziecka,2,5,previews/dzien-dziecka/wariant-2/grafika-5.svg
category-products-panel,dzien-dziecka,2,6,previews/dzien-dziecka/wariant-2/grafika-6.svg
category-products-panel,dzien-dziecka,3,1,previews/dzien-dziecka/wariant-3/grafika-1.svg
category-products-panel,dzien-dziecka,3,2,previews/dzien-dziecka/wariant-3/grafika-2.svg
category-products-panel,dzien-dziecka,3,3,previews/dzien-dziecka/wariant-3/grafika-3.svg
category-products-panel,dzien-dziecka,3,4,previews/dzien-dziecka/wariant-3/grafika-4.svg
category-products-panel,dzien-dziecka,3,5,previews/dzien-dziecka/wariant-3/grafika-5.svg
category-products-panel,dzien-dziecka,3,6,previews/dzien-dziecka/wariant-3/grafika-6.svg
category-products-panel,dzien-kobiet,1,1,previews/dzien-kobiet/wariant-1/grafika-1.svg
category-products-panel,dzien-kobiet,1,2,previews/dzien-kobiet/wariant-1/grafika-2.svg
category-products-panel,dzien-kobiet,1,3,previews/dzien-kobiet/wariant-1/grafika-3.svg
category-products-panel,dzien-kobiet,1,4,previews/dzien-kobiet/wariant-1/grafika-4.svg
category-products-panel,dzien-kobiet,1,5,previews/dzien-kobiet/wariant-1/grafika-5.svg
category-products-panel,dzien-kobiet,1,6,previews/dzien-kobiet/wariant-1/grafika-6.svg
category-products-panel,dzien-kobiet,2,1,previews/dzien-kobiet/wariant-2/grafika-1.svg
category-products-panel,dzien-kobiet,2,2,previews/dzien-kobiet/wariant-2/grafika-2.svg
category-products-panel,dzien-kobiet,2,3,previews/dzien-kobiet/wariant-2/grafika-3.svg
category-products-panel,dzien-kobiet,2,4,previews/dzien-kobiet/wariant-2/grafika-4.svg
category-products-panel,dzien-kobiet,2,5,previews/dzien-kobiet/wariant-2/grafika-5.svg
category-products-panel,dzien-kobiet,2,6,previews/dzien-kobiet/wariant-2/grafika-6.svg
category-products-panel,dzien-kobiet,3,1,previews/dzien-kobiet/wariant-3/grafika-1.svg
category-products-panel,dzien-kobiet,3,2,previews/dzien-kobiet/wariant-3/grafika-2.svg
category-products-panel,dzien-kobiet,3,3,previews/dzien-kobiet/wariant-3/grafika-3.svg
category-products-panel,dzien-kobiet,3,4,previews/dzien-kobiet/wariant-3/grafika-4.svg
category-products-panel,dzien-kobiet,3,5,previews/dzien-kobiet/wariant-3/grafika-5.svg
category-products-panel,dzien-kobiet,3,6,previews/dzien-kobiet/wariant-3/grafika-6.svg
category-products-panel,dzien-matki,1,1,previews/dzien-matki/wariant-1/grafika-1.svg
category-products-panel,dzien-matki,1,2,previews/dzien-matki/wariant-1/grafika-2.svg
category-products-panel,dzien-matki,1,3,previews/dzien-matki/wariant-1/grafika-3.svg
category-products-panel,dzien-matki,1,4,previews/dzien-matki/wariant-1/grafika-4.svg
category-products-panel,dzien-matki,1,5,previews/dzien-matki/wariant-1/grafika-5.svg
category-products-panel,dzien-matki,1,6,previews/dzien-matki/wariant-1/grafika-6.svg
category-products-panel,dzien-matki,2,1,previews/dzien-matki/wariant-2/grafika-1.svg
category-products-panel,dzien-matki,2,2,previews/dzien-matki/wariant-2/grafika-2.svg
category-products-panel,dzien-matki,2,3,previews/dzien-matki/wariant-2/grafika-3.svg
category-products-panel,dzien-matki,2,4,previews/dzien-matki/wariant-2/grafika-4.svg
category-products-panel,dzien-matki,2,5,previews/dzien-matki/wariant-2/grafika-5.svg
category-products-panel,dzien-matki,2,6,previews/dzien-matki/wariant-2/grafika-6.svg
category-products-panel,dzien-matki,3,1,previews/dzien-matki/wariant-3/grafika-1.svg
category-products-panel,dzien-matki,3,2,previews/dzien-matki/wariant-3/grafika-2.svg
category-products-panel,dzien-matki,3,3,previews/dzien-matki/wariant-3/grafika-3.svg
category-products-panel,dzien-matki,3,4,previews/dzien-matki/wariant-3/grafika-4.svg
category-products-panel,dzien-matki,3,5,previews/dzien-matki/wariant-3/grafika-5.svg
category-products-panel,dzien-matki,3,6,previews/dzien-matki/wariant-3/grafika-6.svg
category-products-panel,dzien-nauczyciela,1,1,previews/dzien-nauczyciela/wariant-1/grafika-1.svg
category-products-panel,dzien-nauczyciela,1,2,previews/dzien-nauczyciela/wariant-1/grafika-2.svg
category-products-panel,dzien-nauczyciela,1,3,previews/dzien-nauczyciela/wariant-1/grafika-3.svg
category-products-panel,dzien-nauczyciela,1,4,previews/dzien-nauczyciela/wariant-1/grafika-4.svg
category-products-panel,dzien-nauczyciela,1,5,previews/dzien-nauczyciela/wariant-1/grafika-5.svg
category-products-panel,dzien-nauczyciela,1,6,previews/dzien-nauczyciela/wariant-1/grafika-6.svg
category-products-panel,dzien-nauczyciela,2,1,previews/dzien-nauczyciela/wariant-2/grafika-1.svg
category-products-panel,dzien-nauczyciela,2,2,previews/dzien-nauczyciela/wariant-2/grafika-2.svg
category-products-panel,dzien-nauczyciela,2,3,previews/dzien-nauczyciela/wariant-2/grafika-3.svg
category-products-panel,dzien-nauczyciela,2,4,previews/dzien-nauczyciela/wariant-2/grafika-4.svg
category-products-panel,dzien-nauczyciela,2,5,previews/dzien-nauczyciela/wariant-2/grafika-5.svg
category-products-panel,dzien-nauczyciela,2,6,previews/dzien-nauczyciela/wariant-2/grafika-6.svg
category-products-panel,dzien-nauczyciela,3,1,previews/dzien-nauczyciela/wariant-3/grafika-1.svg
category-products-panel,dzien-nauczyciela,3,2,previews/dzien-nauczyciela/wariant-3/grafika-2.svg
category-products-panel,dzien-nauczyciela,3,3,previews/dzien-nauczyciela/wariant-3/grafika-3.svg
category-products-panel,dzien-nauczyciela,3,4,previews/dzien-nauczyciela/wariant-3/grafika-4.svg
category-products-panel,dzien-nauczyciela,3,5,previews/dzien-nauczyciela/wariant-3/grafika-5.svg
category-products-panel,dzien-nauczyciela,3,6,previews/dzien-nauczyciela/wariant-3/grafika-6.svg
category-products-panel,dzien-ojca,1,1,previews/dzien-ojca/wariant-1/grafika-1.svg
category-products-panel,dzien-ojca,1,2,previews/dzien-ojca/wariant-1/grafika-2.svg
category-products-panel,dzien-ojca,1,3,previews/dzien-ojca/wariant-1/grafika-3.svg
category-products-panel,dzien-ojca,1,4,previews/dzien-ojca/wariant-1/grafika-4.svg
category-products-panel,dzien-ojca,1,5,previews/dzien-ojca/wariant-1/grafika-5.svg
category-products-panel,dzien-ojca,1,6,previews/dzien-ojca/wariant-1/grafika-6.svg
category-products-panel,dzien-ojca,2,1,previews/dzien-ojca/wariant-2/grafika-1.svg
category-products-panel,dzien-ojca,2,2,previews/dzien-ojca/wariant-2/grafika-2.svg
category-products-panel,dzien-ojca,2,3,previews/dzien-ojca/wariant-2/grafika-3.svg
category-products-panel,dzien-ojca,2,4,previews/dzien-ojca/wariant-2/grafika-4.svg
category-products-panel,dzien-ojca,2,5,previews/dzien-ojca/wariant-2/grafika-5.svg
category-products-panel,dzien-ojca,2,6,previews/dzien-ojca/wariant-2/grafika-6.svg
category-products-panel,dzien-ojca,3,1,previews/dzien-ojca/wariant-3/grafika-1.svg
category-products-panel,dzien-ojca,3,2,previews/dzien-ojca/wariant-3/grafika-2.svg
category-products-panel,dzien-ojca,3,3,previews/dzien-ojca/wariant-3/grafika-3.svg
category-products-panel,dzien-ojca,3,4,previews/dzien-ojca/wariant-3/grafika-4.svg
category-products-panel,dzien-ojca,3,5,previews/dzien-ojca/wariant-3/grafika-5.svg
category-products-panel,dzien-ojca,3,6,previews/dzien-ojca/wariant-3/grafika-6.svg
category-products-panel,dzien-ziemi,1,1,previews/dzien-ziemi/wariant-1/grafika-1.svg
category-products-panel,dzien-ziemi,1,2,previews/dzien-ziemi/wariant-1/grafika-2.svg
category-products-panel,dzien-ziemi,1,3,previews/dzien-ziemi/wariant-1/grafika-3.svg
category-products-panel,dzien-ziemi,1,4,previews/dzien-ziemi/wariant-1/grafika-4.svg
category-products-panel,dzien-ziemi,1,5,previews/dzien-ziemi/wariant-1/grafika-5.svg
category-products-panel,dzien-ziemi,1,6,previews/dzien-ziemi/wariant-1/grafika-6.svg
category-products-panel,dzien-ziemi,2,1,previews/dzien-ziemi/wariant-2/grafika-1.svg
category-products-panel,dzien-ziemi,2,2,previews/dzien-ziemi/wariant-2/grafika-2.svg
category-products-panel,dzien-ziemi,2,3,previews/dzien-ziemi/wariant-2/grafika-3.svg
category-products-panel,dzien-ziemi,2,4,previews/dzien-ziemi/wariant-2/grafika-4.svg
category-products-panel,dzien-ziemi,2,5,previews/dzien-ziemi/wariant-2/grafika-5.svg
category-products-panel,dzien-ziemi,2,6,previews/dzien-ziemi/wariant-2/grafika-6.svg
category-products-panel,dzien-ziemi,3,1,previews/dzien-ziemi/wariant-3/grafika-1.svg
category-products-panel,dzien-ziemi,3,2,previews/dzien-ziemi/wariant-3/grafika-2.svg
category-products-panel,dzien-ziemi,3,3,previews/dzien-ziemi/wariant-3/grafika-3.svg
category-products-panel,dzien-ziemi,3,4,previews/dzien-ziemi/wariant-3/grafika-4.svg
category-products-panel,dzien-ziemi,3,5,previews/dzien-ziemi/wariant-3/grafika-5.svg
category-products-panel,dzien-ziemi,3,6,previews/dzien-ziemi/wariant-3/grafika-6.svg
category-products-panel,halloween,1,1,previews/halloween/wariant-1/grafika-1.svg
category-products-panel,halloween,1,2,previews/halloween/wariant-1/grafika-2.svg
category-products-panel,halloween,1,3,previews/halloween/wariant-1/grafika-3.svg
category-products-panel,halloween,1,4,previews/halloween/wariant-1/grafika-4.svg
category-products-panel,halloween,1,5,previews/halloween/wariant-1/grafika-5.svg
category-products-panel,halloween,1,6,previews/halloween/wariant-1/grafika-6.svg
category-products-panel,halloween,2,1,previews/halloween/wariant-2/grafika-1.svg
category-products-panel,halloween,2,2,previews/halloween/wariant-2/grafika-2.svg
category-products-panel,halloween,2,3,previews/halloween/wariant-2/grafika-3.svg
category-products-panel,halloween,2,4,previews/halloween/wariant-2/grafika-4.svg
category-products-panel,halloween,2,5,previews/halloween/wariant-2/grafika-5.svg
category-products-panel,halloween,2,6,previews/halloween/wariant-2/grafika-6.svg
category-products-panel,halloween,3,1,previews/halloween/wariant-3/grafika-1.svg
category-products-panel,halloween,3,2,previews/halloween/wariant-3/grafika-2.svg
category-products-panel,halloween,3,3,previews/halloween/wariant-3/grafika-3.svg
category-products-panel,halloween,3,4,previews/halloween/wariant-3/grafika-4.svg
category-products-panel,halloween,3,5,previews/halloween/wariant-3/grafika-5.svg
category-products-panel,halloween,3,6,previews/halloween/wariant-3/grafika-6.svg
category-products-panel,jesien,1,1,previews/jesien/wariant-1/grafika-1.svg
category-products-panel,jesien,1,2,previews/jesien/wariant-1/grafika-2.svg
category-products-panel,jesien,1,3,previews/jesien/wariant-1/grafika-3.svg
category-products-panel,jesien,1,4,previews/jesien/wariant-1/grafika-4.svg
category-products-panel,jesien,1,5,previews/jesien/wariant-1/grafika-5.svg
category-products-panel,jesien,1,6,previews/jesien/wariant-1/grafika-6.svg
category-products-panel,jesien,2,1,previews/jesien/wariant-2/grafika-1.svg
category-products-panel,jesien,2,2,previews/jesien/wariant-2/grafika-2.svg
category-products-panel,jesien,2,3,previews/jesien/wariant-2/grafika-3.svg
category-products-panel,jesien,2,4,previews/jesien/wariant-2/grafika-4.svg
category-products-panel,jesien,2,5,previews/jesien/wariant-2/grafika-5.svg
category-products-panel,jesien,2,6,previews/jesien/wariant-2/grafika-6.svg
category-products-panel,jesien,3,1,previews/jesien/wariant-3/grafika-1.svg
category-products-panel,jesien,3,2,previews/jesien/wariant-3/grafika-2.svg
category-products-panel,jesien,3,3,previews/jesien/wariant-3/grafika-3.svg
category-products-panel,jesien,3,4,previews/jesien/wariant-3/grafika-4.svg
category-products-panel,jesien,3,5,previews/jesien/wariant-3/grafika-5.svg
category-products-panel,jesien,3,6,previews/jesien/wariant-3/grafika-6.svg
category-products-panel,konstytucja-3-maja,1,1,previews/konstytucja-3-maja/wariant-1/grafika-1.svg
category-products-panel,konstytucja-3-maja,1,2,previews/konstytucja-3-maja/wariant-1/grafika-2.svg
category-products-panel,konstytucja-3-maja,1,3,previews/konstytucja-3-maja/wariant-1/grafika-3.svg
category-products-panel,konstytucja-3-maja,1,4,previews/konstytucja-3-maja/wariant-1/grafika-4.svg
category-products-panel,konstytucja-3-maja,1,5,previews/konstytucja-3-maja/wariant-1/grafika-5.svg
category-products-panel,konstytucja-3-maja,1,6,previews/konstytucja-3-maja/wariant-1/grafika-6.svg
category-products-panel,konstytucja-3-maja,2,1,previews/konstytucja-3-maja/wariant-2/grafika-1.svg
category-products-panel,konstytucja-3-maja,2,2,previews/konstytucja-3-maja/wariant-2/grafika-2.svg
category-products-panel,konstytucja-3-maja,2,3,previews/konstytucja-3-maja/wariant-2/grafika-3.svg
category-products-panel,konstytucja-3-maja,2,4,previews/konstytucja-3-maja/wariant-2/grafika-4.svg
category-products-panel,konstytucja-3-maja,2,5,previews/konstytucja-3-maja/wariant-2/grafika-5.svg
category-products-panel,konstytucja-3-maja,2,6,previews/konstytucja-3-maja/wariant-2/grafika-6.svg
category-products-panel,konstytucja-3-maja,3,1,previews/konstytucja-3-maja/wariant-3/grafika-1.svg
category-products-panel,konstytucja-3-maja,3,2,previews/konstytucja-3-maja/wariant-3/grafika-2.svg
category-products-panel,konstytucja-3-maja,3,3,previews/konstytucja-3-maja/wariant-3/grafika-3.svg
category-products-panel,konstytucja-3-maja,3,4,previews/konstytucja-3-maja/wariant-3/grafika-4.svg
category-products-panel,konstytucja-3-maja,3,5,previews/konstytucja-3-maja/wariant-3/grafika-5.svg
category-products-panel,konstytucja-3-maja,3,6,previews/konstytucja-3-maja/wariant-3/grafika-6.svg
category-products-panel,lato,1,1,previews/lato/wariant-1/grafika-1.svg
category-products-panel,lato,1,2,previews/lato/wariant-1/grafika-2.svg
category-products-panel,lato,1,3,previews/lato/wariant-1/grafika-3.svg
category-products-panel,lato,1,4,previews/lato/wariant-1/grafika-4.svg
category-products-panel,lato,1,5,previews/lato/wariant-1/grafika-5.svg
category-products-panel,lato,1,6,previews/lato/wariant-1/grafika-6.svg
category-products-panel,lato,2,1,previews/lato/wariant-2/grafika-1.svg
category-products-panel,lato,2,2,previews/lato/wariant-2/grafika-2.svg
category-products-panel,lato,2,3,previews/lato/wariant-2/grafika-3.svg
category-products-panel,lato,2,4,previews/lato/wariant-2/grafika-4.svg
category-products-panel,lato,2,5,previews/lato/wariant-2/grafika-5.svg
category-products-panel,lato,2,6,previews/lato/wariant-2/grafika-6.svg
category-products-panel,lato,3,1,previews/lato/wariant-3/grafika-1.svg
category-products-panel,lato,3,2,previews/lato/wariant-3/grafika-2.svg
category-products-panel,lato,3,3,previews/lato/wariant-3/grafika-3.svg
category-products-panel,lato,3,4,previews/lato/wariant-3/grafika-4.svg
category-products-panel,lato,3,5,previews/lato/wariant-3/grafika-5.svg
category-products-panel,lato,3,6,previews/lato/wariant-3/grafika-6.svg
category-products-panel,mikolajki,1,1,previews/mikolajki/wariant-1/grafika-1.svg
category-products-panel,mikolajki,1,2,previews/mikolajki/wariant-1/grafika-2.svg
category-products-panel,mikolajki,1,3,previews/mikolajki/wariant-1/grafika-3.svg
category-products-panel,mikolajki,1,4,previews/mikolajki/wariant-1/grafika-4.svg
category-products-panel,mikolajki,1,5,previews/mikolajki/wariant-1/grafika-5.svg
category-products-panel,mikolajki,1,6,previews/mikolajki/wariant-1/grafika-6.svg
category-products-panel,mikolajki,2,1,previews/mikolajki/wariant-2/grafika-1.svg
category-products-panel,mikolajki,2,2,previews/mikolajki/wariant-2/grafika-2.svg
category-products-panel,mikolajki,2,3,previews/mikolajki/wariant-2/grafika-3.svg
category-products-panel,mikolajki,2,4,previews/mikolajki/wariant-2/grafika-4.svg
category-products-panel,mikolajki,2,5,previews/mikolajki/wariant-2/grafika-5.svg
category-products-panel,mikolajki,2,6,previews/mikolajki/wariant-2/grafika-6.svg
category-products-panel,mikolajki,3,1,previews/mikolajki/wariant-3/grafika-1.svg
category-products-panel,mikolajki,3,2,previews/mikolajki/wariant-3/grafika-2.svg
category-products-panel,mikolajki,3,3,previews/mikolajki/wariant-3/grafika-3.svg
category-products-panel,mikolajki,3,4,previews/mikolajki/wariant-3/grafika-4.svg
category-products-panel,mikolajki,3,5,previews/mikolajki/wariant-3/grafika-5.svg
category-products-panel,mikolajki,3,6,previews/mikolajki/wariant-3/grafika-6.svg
category-products-panel,niepodleglosc,1,1,previews/niepodleglosc/wariant-1/grafika-1.svg
category-products-panel,niepodleglosc,1,2,previews/niepodleglosc/wariant-1/grafika-2.svg
category-products-panel,niepodleglosc,1,3,previews/niepodleglosc/wariant-1/grafika-3.svg
category-products-panel,niepodleglosc,1,4,previews/niepodleglosc/wariant-1/grafika-4.svg
category-products-panel,niepodleglosc,1,5,previews/niepodleglosc/wariant-1/grafika-5.svg
category-products-panel,niepodleglosc,1,6,previews/niepodleglosc/wariant-1/grafika-6.svg
category-products-panel,niepodleglosc,2,1,previews/niepodleglosc/wariant-2/grafika-1.svg
category-products-panel,niepodleglosc,2,2,previews/niepodleglosc/wariant-2/grafika-2.svg
category-products-panel,niepodleglosc,2,3,previews/niepodleglosc/wariant-2/grafika-3.svg
category-products-panel,niepodleglosc,2,4,previews/niepodleglosc/wariant-2/grafika-4.svg
category-products-panel,niepodleglosc,2,5,previews/niepodleglosc/wariant-2/grafika-5.svg
category-products-panel,niepodleglosc,2,6,previews/niepodleglosc/wariant-2/grafika-6.svg
category-products-panel,niepodleglosc,3,1,previews/niepodleglosc/wariant-3/grafika-1.svg
category-products-panel,niepodleglosc,3,2,previews/niepodleglosc/wariant-3/grafika-2.svg
category-products-panel,niepodleglosc,3,3,previews/niepodleglosc/wariant-3/grafika-3.svg
category-products-panel,niepodleglosc,3,4,previews/niepodleglosc/wariant-3/grafika-4.svg
category-products-panel,niepodleglosc,3,5,previews/niepodleglosc/wariant-3/grafika-5.svg
category-products-panel,niepodleglosc,3,6,previews/niepodleglosc/wariant-3/grafika-6.svg
category-products-panel,pierwszy-dzien-wiosny,1,1,previews/pierwszy-dzien-wiosny/wariant-1/grafika-1.svg
category-products-panel,pierwszy-dzien-wiosny,1,2,previews/pierwszy-dzien-wiosny/wariant-1/grafika-2.svg
category-products-panel,pierwszy-dzien-wiosny,1,3,previews/pierwszy-dzien-wiosny/wariant-1/grafika-3.svg
category-products-panel,pierwszy-dzien-wiosny,1,4,previews/pierwszy-dzien-wiosny/wariant-1/grafika-4.svg
category-products-panel,pierwszy-dzien-wiosny,1,5,previews/pierwszy-dzien-wiosny/wariant-1/grafika-5.svg
category-products-panel,pierwszy-dzien-wiosny,1,6,previews/pierwszy-dzien-wiosny/wariant-1/grafika-6.svg
category-products-panel,pierwszy-dzien-wiosny,2,1,previews/pierwszy-dzien-wiosny/wariant-2/grafika-1.svg
category-products-panel,pierwszy-dzien-wiosny,2,2,previews/pierwszy-dzien-wiosny/wariant-2/grafika-2.svg
category-products-panel,pierwszy-dzien-wiosny,2,3,previews/pierwszy-dzien-wiosny/wariant-2/grafika-3.svg
category-products-panel,pierwszy-dzien-wiosny,2,4,previews/pierwszy-dzien-wiosny/wariant-2/grafika-4.svg
category-products-panel,pierwszy-dzien-wiosny,2,5,previews/pierwszy-dzien-wiosny/wariant-2/grafika-5.svg
category-products-panel,pierwszy-dzien-wiosny,2,6,previews/pierwszy-dzien-wiosny/wariant-2/grafika-6.svg
category-products-panel,pierwszy-dzien-wiosny,3,1,previews/pierwszy-dzien-wiosny/wariant-3/grafika-1.svg
category-products-panel,pierwszy-dzien-wiosny,3,2,previews/pierwszy-dzien-wiosny/wariant-3/grafika-2.svg
category-products-panel,pierwszy-dzien-wiosny,3,3,previews/pierwszy-dzien-wiosny/wariant-3/grafika-3.svg
category-products-panel,pierwszy-dzien-wiosny,3,4,previews/pierwszy-dzien-wiosny/wariant-3/grafika-4.svg
category-products-panel,pierwszy-dzien-wiosny,3,5,previews/pierwszy-dzien-wiosny/wariant-3/grafika-5.svg
category-products-panel,pierwszy-dzien-wiosny,3,6,previews/pierwszy-dzien-wiosny/wariant-3/grafika-6.svg
category-products-panel,plakaty,1,1,previews/plakaty/wariant-1/grafika-1.svg
category-products-panel,plakaty,1,2,previews/plakaty/wariant-1/grafika-2.svg
category-products-panel,plakaty,1,3,previews/plakaty/wariant-1/grafika-3.svg
category-products-panel,plakaty,1,4,previews/plakaty/wariant-1/grafika-4.svg
category-products-panel,plakaty,1,5,previews/plakaty/wariant-1/grafika-5.svg
category-products-panel,plakaty,1,6,previews/plakaty/wariant-1/grafika-6.svg
category-products-panel,plakaty,2,1,previews/plakaty/wariant-2/grafika-1.svg
category-products-panel,plakaty,2,2,previews/plakaty/wariant-2/grafika-2.svg
category-products-panel,plakaty,2,3,previews/plakaty/wariant-2/grafika-3.svg
category-products-panel,plakaty,2,4,previews/plakaty/wariant-2/grafika-4.svg
category-products-panel,plakaty,2,5,previews/plakaty/wariant-2/grafika-5.svg
category-products-panel,plakaty,2,6,previews/plakaty/wariant-2/grafika-6.svg
category-products-panel,plakaty,3,1,previews/plakaty/wariant-3/grafika-1.svg
category-products-panel,plakaty,3,2,previews/plakaty/wariant-3/grafika-2.svg
category-products-panel,plakaty,3,3,previews/plakaty/wariant-3/grafika-3.svg
category-products-panel,plakaty,3,4,previews/plakaty/wariant-3/grafika-4.svg
category-products-panel,plakaty,3,5,previews/plakaty/wariant-3/grafika-5.svg
category-products-panel,plakaty,3,6,previews/plakaty/wariant-3/grafika-6.svg
category-products-panel,poczatek-roku,1,1,previews/poczatek-roku/wariant-1/grafika-1.svg
category-products-panel,poczatek-roku,1,2,previews/poczatek-roku/wariant-1/grafika-2.svg
category-products-panel,poczatek-roku,1,3,previews/poczatek-roku/wariant-1/grafika-3.svg
category-products-panel,poczatek-roku,1,4,previews/poczatek-roku/wariant-1/grafika-4.svg
category-products-panel,poczatek-roku,1,5,previews/poczatek-roku/wariant-1/grafika-5.svg
category-products-panel,poczatek-roku,1,6,previews/poczatek-roku/wariant-1/grafika-6.svg
category-products-panel,poczatek-roku,2,1,previews/poczatek-roku/wariant-2/grafika-1.svg
category-products-panel,poczatek-roku,2,2,previews/poczatek-roku/wariant-2/grafika-2.svg
category-products-panel,poczatek-roku,2,3,previews/poczatek-roku/wariant-2/grafika-3.svg
category-products-panel,poczatek-roku,2,4,previews/poczatek-roku/wariant-2/grafika-4.svg
category-products-panel,poczatek-roku,2,5,previews/poczatek-roku/wariant-2/grafika-5.svg
category-products-panel,poczatek-roku,2,6,previews/poczatek-roku/wariant-2/grafika-6.svg
category-products-panel,poczatek-roku,3,1,previews/poczatek-roku/wariant-3/grafika-1.svg
category-products-panel,poczatek-roku,3,2,previews/poczatek-roku/wariant-3/grafika-2.svg
category-products-panel,poczatek-roku,3,3,previews/poczatek-roku/wariant-3/grafika-3.svg
category-products-panel,poczatek-roku,3,4,previews/poczatek-roku/wariant-3/grafika-4.svg
category-products-panel,poczatek-roku,3,5,previews/poczatek-roku/wariant-3/grafika-5.svg
category-products-panel,poczatek-roku,3,6,previews/poczatek-roku/wariant-3/grafika-6.svg
category-products-panel,szablony,1,1,previews/szablony/wariant-1/grafika-1.svg
category-products-panel,szablony,1,2,previews/szablony/wariant-1/grafika-2.svg
category-products-panel,szablony,1,3,previews/szablony/wariant-1/grafika-3.svg
category-products-panel,szablony,1,4,previews/szablony/wariant-1/grafika-4.svg
category-products-panel,szablony,1,5,previews/szablony/wariant-1/grafika-5.svg
category-products-panel,szablony,1,6,previews/szablony/wariant-1/grafika-6.svg
category-products-panel,szablony,2,1,previews/szablony/wariant-2/grafika-1.svg
category-products-panel,szablony,2,2,previews/szablony/wariant-2/grafika-2.svg
category-products-panel,szablony,2,3,previews/szablony/wariant-2/grafika-3.svg
category-products-panel,szablony,2,4,previews/szablony/wariant-2/grafika-4.svg
category-products-panel,szablony,2,5,previews/szablony/wariant-2/grafika-5.svg
category-products-panel,szablony,2,6,previews/szablony/wariant-2/grafika-6.svg
category-products-panel,szablony,3,1,previews/szablony/wariant-3/grafika-1.svg
category-products-panel,szablony,3,2,previews/szablony/wariant-3/grafika-2.svg
category-products-panel,szablony,3,3,previews/szablony/wariant-3/grafika-3.svg
category-products-panel,szablony,3,4,previews/szablony/wariant-3/grafika-4.svg
category-products-panel,szablony,3,5,previews/szablony/wariant-3/grafika-5.svg
category-products-panel,szablony,3,6,previews/szablony/wariant-3/grafika-6.svg
category-products-panel,walentynki,1,1,previews/walentynki/wariant-1/grafika-1.svg
category-products-panel,walentynki,1,2,previews/walentynki/wariant-1/grafika-2.svg
category-products-panel,walentynki,1,3,previews/walentynki/wariant-1/grafika-3.svg
category-products-panel,walentynki,1,4,previews/walentynki/wariant-1/grafika-4.svg
category-products-panel,walentynki,1,5,previews/walentynki/wariant-1/grafika-5.svg
category-products-panel,walentynki,1,6,previews/walentynki/wariant-1/grafika-6.svg
category-products-panel,walentynki,2,1,previews/walentynki/wariant-2/grafika-1.svg
category-products-panel,walentynki,2,2,previews/walentynki/wariant-2/grafika-2.svg
category-products-panel,walentynki,2,3,previews/walentynki/wariant-2/grafika-3.svg
category-products-panel,walentynki,2,4,previews/walentynki/wariant-2/grafika-4.svg
category-products-panel,walentynki,2,5,previews/walentynki/wariant-2/grafika-5.svg
category-products-panel,walentynki,2,6,previews/walentynki/wariant-2/grafika-6.svg
category-products-panel,walentynki,3,1,previews/walentynki/wariant-3/grafika-1.svg
category-products-panel,walentynki,3,2,previews/walentynki/wariant-3/grafika-2.svg
category-products-panel,walentynki,3,3,previews/walentynki/wariant-3/grafika-3.svg
category-products-panel,walentynki,3,4,previews/walentynki/wariant-3/grafika-4.svg
category-products-panel,walentynki,3,5,previews/walentynki/wariant-3/grafika-5.svg
category-products-panel,walentynki,3,6,previews/walentynki/wariant-3/grafika-6.svg
category-products-panel,wielkanoc,1,1,previews/wielkanoc/wariant-1/grafika-1.svg
category-products-panel,wielkanoc,1,2,previews/wielkanoc/wariant-1/grafika-2.svg
category-products-panel,wielkanoc,1,3,previews/wielkanoc/wariant-1/grafika-3.svg
category-products-panel,wielkanoc,1,4,previews/wielkanoc/wariant-1/grafika-4.svg
category-products-panel,wielkanoc,1,5,previews/wielkanoc/wariant-1/grafika-5.svg
category-products-panel,wielkanoc,1,6,previews/wielkanoc/wariant-1/grafika-6.svg
category-products-panel,wielkanoc,2,1,previews/wielkanoc/wariant-2/grafika-1.svg
category-products-panel,wielkanoc,2,2,previews/wielkanoc/wariant-2/grafika-2.svg
category-products-panel,wielkanoc,2,3,previews/wielkanoc/wariant-2/grafika-3.svg
category-products-panel,wielkanoc,2,4,previews/wielkanoc/wariant-2/grafika-4.svg
category-products-panel,wielkanoc,2,5,previews/wielkanoc/wariant-2/grafika-5.svg
category-products-panel,wielkanoc,2,6,previews/wielkanoc/wariant-2/grafika-6.svg
category-products-panel,wielkanoc,3,1,previews/wielkanoc/wariant-3/grafika-1.svg
category-products-panel,wielkanoc,3,2,previews/wielkanoc/wariant-3/grafika-2.svg
category-products-panel,wielkanoc,3,3,previews/wielkanoc/wariant-3/grafika-3.svg
category-products-panel,wielkanoc,3,4,previews/wielkanoc/wariant-3/grafika-4.svg
category-products-panel,wielkanoc,3,5,previews/wielkanoc/wariant-3/grafika-5.svg
category-products-panel,wielkanoc,3,6,previews/wielkanoc/wariant-3/grafika-6.svg
category-products-panel,wiosna,1,1,previews/wiosna/wariant-1/grafika-1.svg
category-products-panel,wiosna,1,2,previews/wiosna/wariant-1/grafika-2.svg
category-products-panel,wiosna,1,3,previews/wiosna/wariant-1/grafika-3.svg
category-products-panel,wiosna,1,4,previews/wiosna/wariant-1/grafika-4.svg
category-products-panel,wiosna,1,5,previews/wiosna/wariant-1/grafika-5.svg
category-products-panel,wiosna,1,6,previews/wiosna/wariant-1/grafika-6.svg
category-products-panel,wiosna,2,1,previews/wiosna/wariant-2/grafika-1.svg
category-products-panel,wiosna,2,2,previews/wiosna/wariant-2/grafika-2.svg
category-products-panel,wiosna,2,3,previews/wiosna/wariant-2/grafika-3.svg
category-products-panel,wiosna,2,4,previews/wiosna/wariant-2/grafika-4.svg
category-products-panel,wiosna,2,5,previews/wiosna/wariant-2/grafika-5.svg
category-products-panel,wiosna,2,6,previews/wiosna/wariant-2/grafika-6.svg
category-products-panel,wiosna,3,1,previews/wiosna/wariant-3/grafika-1.svg
category-products-panel,wiosna,3,2,previews/wiosna/wariant-3/grafika-2.svg
category-products-panel,wiosna,3,3,previews/wiosna/wariant-3/grafika-3.svg
category-products-panel,wiosna,3,4,previews/wiosna/wariant-3/grafika-4.svg
category-products-panel,wiosna,3,5,previews/wiosna/wariant-3/grafika-5.svg
category-products-panel,wiosna,3,6,previews/wiosna/wariant-3/grafika-6.svg
category-products-panel,zakonczenie-roku,1,1,previews/zakonczenie-roku/wariant-1/grafika-1.svg
category-products-panel,zakonczenie-roku,1,2,previews/zakonczenie-roku/wariant-1/grafika-2.svg
category-products-panel,zakonczenie-roku,1,3,previews/zakonczenie-roku/wariant-1/grafika-3.svg
category-products-panel,zakonczenie-roku,1,4,previews/zakonczenie-roku/wariant-1/grafika-4.svg
category-products-panel,zakonczenie-roku,1,5,previews/zakonczenie-roku/wariant-1/grafika-5.svg
category-products-panel,zakonczenie-roku,1,6,previews/zakonczenie-roku/wariant-1/grafika-6.svg
category-products-panel,zakonczenie-roku,2,1,previews/zakonczenie-roku/wariant-2/grafika-1.svg
category-products-panel,zakonczenie-roku,2,2,previews/zakonczenie-roku/wariant-2/grafika-2.svg
category-products-panel,zakonczenie-roku,2,3,previews/zakonczenie-roku/wariant-2/grafika-3.svg
category-products-panel,zakonczenie-roku,2,4,previews/zakonczenie-roku/wariant-2/grafika-4.svg
category-products-panel,zakonczenie-roku,2,5,previews/zakonczenie-roku/wariant-2/grafika-5.svg
category-products-panel,zakonczenie-roku,2,6,previews/zakonczenie-roku/wariant-2/grafika-6.svg
category-products-panel,zakonczenie-roku,3,1,previews/zakonczenie-roku/wariant-3/grafika-1.svg
category-products-panel,zakonczenie-roku,3,2,previews/zakonczenie-roku/wariant-3/grafika-2.svg
category-products-panel,zakonczenie-roku,3,3,previews/zakonczenie-roku/wariant-3/grafika-3.svg
category-products-panel,zakonczenie-roku,3,4,previews/zakonczenie-roku/wariant-3/grafika-4.svg
category-products-panel,zakonczenie-roku,3,5,previews/zakonczenie-roku/wariant-3/grafika-5.svg
category-products-panel,zakonczenie-roku,3,6,previews/zakonczenie-roku/wariant-3/grafika-6.svg
category-products-panel,zima,1,1,previews/zima/wariant-1/grafika-1.svg
category-products-panel,zima,1,2,previews/zima/wariant-1/grafika-2.svg
category-products-panel,zima,1,3,previews/zima/wariant-1/grafika-3.svg
category-products-panel,zima,1,4,previews/zima/wariant-1/grafika-4.svg
category-products-panel,zima,1,5,previews/zima/wariant-1/grafika-5.svg
category-products-panel,zima,1,6,previews/zima/wariant-1/grafika-6.svg
category-products-panel,zima,2,1,previews/zima/wariant-2/grafika-1.svg
category-products-panel,zima,2,2,previews/zima/wariant-2/grafika-2.svg
category-products-panel,zima,2,3,previews/zima/wariant-2/grafika-3.svg
category-products-panel,zima,2,4,previews/zima/wariant-2/grafika-4.svg
category-products-panel,zima,2,5,previews/zima/wariant-2/grafika-5.svg
category-products-panel,zima,2,6,previews/zima/wariant-2/grafika-6.svg
category-products-panel,zima,3,1,previews/zima/wariant-3/grafika-1.svg
category-products-panel,zima,3,2,previews/zima/wariant-3/grafika-2.svg
category-products-panel,zima,3,3,previews/zima/wariant-3/grafika-3.svg
category-products-panel,zima,3,4,previews/zima/wariant-3/grafika-4.svg
category-products-panel,zima,3,5,previews/zima/wariant-3/grafika-5.svg
category-products-panel,zima,3,6,previews/zima/wariant-3/grafika-6.svg
